scene,読み上げテキスト,テロップ,ビジュアル素材,発音ポーズメモ
1,"街を歩けば、SNSを開けば、テレビをつければ。かつては「夜の世界」「日陰の職業」と呼ばれ、人前で語ることがためらわれた仕事があります。キャバクラで働く女性、いわゆるキャバ嬢。あるいは、アダルトビデオに出演する女優。ほんの二十年ほど前なら、これらの職業は強い偏見の対象でした。ところが、今はどうでしょう。彼女たちはユーチューブで人生を語り、本を出版し、ファッションのお手本として何十万人ものフォロワーを集めています。世間のまなざしは、明らかに変わりつつあります。いったい、なぜなのでしょうか。今日はこの問いを、単なる印象論ではなく、心理学と経済学の研究を手がかりに、ひとつずつ論拠を積み上げて考えていきます。そして見えてくるのは、私たち自身の「美しさ」との付き合い方が、ここ十数年で大きく変わったという事実です。","なぜ今、受け入れられていくのか","街・スマホ・SNSフィードのモンタージュ","日陰=ひかげ／問いの後に0.5秒"
2,"まず、言葉の意味をはっきりさせておきましょう。ここで言う「受け入れられている」とは、これらの職業をすばらしいと全員が称賛している、という意味ではありません。そうではなく、第一に、これらの職業を公言する人が増えたこと。第二に、その人たちが好意的に、あるいは少なくとも中立的に受け取られる場面が増えたこと。この二つを指しています。実際、かつては隠すものだった経歴を、自分から語る人が増えました。では、なぜ社会のまなざしはやわらいだのか。よくある説明は「多様性の時代になったから」というものです。しかし、これでは答えになっていません。なぜ多様性が認められるようになったのか、その中身を説明していないからです。そこでこの動画では、複数の要因の中でも、とりわけ大きな柱だと考えられる一つの変化に注目します。それが、写真を中心としたSNSの広がりと、それがもたらした「外見の価値の上昇」、すなわちルッキズムの加速です。","「受容」とは何か／問いの定義","二つの定義を箇条書き","多様性=たようせい"
3,"まず、土台となる人間の根深い心理から確認しましょう。心理学に「ハロー効果」という有名な現象があります。ある目立った特徴が、その人の他の評価まで引きずってしまう、という認知の偏りです。なかでも、見た目に関するものは古くから知られています。1972年、心理学者のカレン・ディオンらは、ある実験を行いました。参加者に、魅力の高い人、普通の人、低い人の写真を見せ、それぞれがどんな人物かを推測してもらったのです。結果は明快でした。人は、外見の魅力が高い人ほど、性格も温かく、社交的で、能力も高く、幸せな人生を送るだろうと推測したのです。この研究には「美しいものは善い」という象徴的な題名がつけられました。私たちは無意識のうちに、美しさを内面の良さと結びつけてしまう。これは特別に意地悪な人だけの話ではなく、人間に広く共通する傾向なのです。","ハロー効果 ―「美しいものは善い」","写真評価実験の図解","偏り=かたより／「結果は明快でした。」後に0.5秒"
4,"この「美しいものは善い」という偏りは、心の中だけの話にとどまりません。お金、つまり労働市場にも、はっきりと表れます。1994年、経済学者のダニエル・ハマーメッシュとジェフ・ビドルは、容姿と収入の関係を、大規模なデータで分析しました。すると、平均より見た目が良いとされた人は賃金が最大で十数パーセント高く、逆に平均より見た目が劣るとされた人は、賃金が下がる傾向がありました。これは「美の経済的プレミアム」と呼ばれます。さらに重要なのは、見た目の良い人ほど、外見が有利に働く職業に集まりやすい、という指摘です。つまり社会には、もともと「美しさが価値になる」構造があるのです。では、SNSの時代になって、この偏りは弱まったのでしょうか。むしろ、逆かもしれません。2024年、ある研究チームが、およそ二千七百人を対象に、加工する前と、美顔フィルターをかけた後の顔写真を評価させました。その結果、同じ人物でも、魅力的に見える写真のほうが、知性や信頼性まで高く評価されたのです。フィルターで誰もが美しく見せられる時代になっても、「美しいものは善い」という古い心理は、なお働き続けている。","美の経済的プレミアム／フィルターでも消えない偏り","収入差グラフ・フィルター前後比較","ハマーメッシュ／ビドル／十数=じゅうすう"
5,"そして、写真を中心としたSNSは、私たちの行動そのものを変えました。2021年に発表された、若い女性を対象とする研究があります。インスタグラムで、有名人や自分自身の写真に関わる活動が多い人ほど、他人と自分の容姿を比べる傾向が強まり、その結果として、美容整形を受け入れる気持ちが高まっていたのです。実際、整形を望む理由として「写真や動画で自分をよりよく見せたいから」という声が増えている、という報告もあります。ここから、重要な橋渡しが見えてきます。第一に、整形を受け入れるということは、「美しさは生まれつきのものではなく、努力や投資で手に入れてよいものだ」という考え方が広がる、ということです。すると、見た目を磨き、それを武器にする職業への偏見も、当然やわらいでいきます。第二に、ハロー効果によって、美しい人は、その人格まで好意的に解釈されます。だから、外見が評価の中心にある職業の女性たちは、「きれいなだけでなく、きっと魅力的な人物なのだろう」と受け取られやすくなる。外見の価値が上がる社会とは、外見を職業にする人たちが、評価されやすい社会でもあるのです。","写真SNS→比較→整形容認／橋渡しの論理","因果フロー図","整形=せいけい／容認=ようにん"
6,"もちろん、ルッキズムの加速だけで、すべてが説明できるわけではありません。ほかにも、これと重なり合う変化があります。一つは、働き方の多様化です。動画配信やSNSによって、個人が自分の名前で発信し、収入を得られる時代になりました。すると、職業は「何をしているか」だけでなく、「どんな人物か」で見られるようになります。キャバ嬢やAV女優という肩書きの向こうにいる、一人の個人の物語が、見えるようになった。これが、偏見をやわらげます。もう一つは、自分の体や生き方は自分で決める、という価値観の広がりです。誰と、どう働くかを本人が選ぶのなら、外から一方的に断罪すべきではない。こうした考え方が、以前より共有されるようになりました。これらは、外見の価値の上昇という大きな流れと、たがいに補強し合っているのです。","補強① 働き方の多様化／補強② 自己決定の価値観","個人ブランド化・合流する補助線","肩書き=かたがき／断罪=だんざい"
7,"ここで、立ち止まって反論を検討しなければなりません。誠実な解説は、自分に都合の悪い見方からも、逃げないからです。第一に、因果の向きです。SNSがルッキズムを生んだのか、それとも、もともとあった傾向を、SNSが増幅しただけなのか。これは、簡単には決められません。ですから正確には、SNSは原因というより「加速装置」と言うべきでしょう。第二に、ルッキズムは諸刃の剣だ、ということです。外見を重んじる社会は、美しい人に好意を向けると同時に、人を見た目で値踏みし、外見が基準に満たない人を、厳しく裁く社会でもあります。つまり、ルッキズムの加速は、受容と排除の、両方を強めうるのです。にもかかわらず、なぜ受容の側に振れるのか。それは、これらの職業が、まさに「美しさ」を価値として提供する仕事だからです。外見が高く評価される時代において、美を体現する人は、追い風を受けやすい。第三に、整形を受け入れることと、性産業を受け入れることは、本来、別の問題です。両者を同じものとして語るのは、乱暴です。ただ、どちらも「美や性をめぐる古いタブーがゆるんでいる」という、同じ時代の空気を映している、とは言えるでしょう。","反証① 因果／② 諸刃の剣／③ 整形容認≠性産業受容","反論3カード＋応答","諸刃の剣=もろはのつるぎ／値踏み=ねぶみ"
8,"では、結論です。キャバ嬢やAV女優が、以前より受け入れられるようになった背景に、単一の原因はありません。けれども、その中心には、写真を中心としたSNSがもたらした「外見の価値の上昇」があります。ハロー効果によって、美しさは人格の良さと結びつけられ、美の経済的プレミアムが示すように、美しさはもともと価値を持っていました。SNSは、その価値をさらに押し上げ、整形容認という形で、「美は手に入れてよいもの」という規範を広げました。そこに、働き方の多様化と、自己決定を重んじる価値観が、重なります。こうして、外見を価値とする職業への偏見は、やわらいでいったのです。ただし、忘れてはいけません。同じルッキズムの力は、人を見た目で選別する圧力にも、なります。私たちが手にしたのは、自由であると同時に、新しい息苦しさでもあるのです。","結論 ― 外見価値の上昇が中心、ただし両義的","構造図に統合","選別=せんべつ／息苦しさ=いきぐるしさ"
9,"最後に、今日の要点を振り返ります。第一に、人には「美しいものは善い」と感じる、根深い心理がある。第二に、写真SNSの普及が、その心理を加速させ、外見の価値と整形容認を広げた。第三に、それが、働き方の多様化や、自己決定の価値観と重なり、美を価値とする職業への偏見をやわらげた。そして第四に、その同じ力は、人を外見で選別する、新しい圧力にもなる。受容の、その裏側にあるものまで含めて見つめること。それが、この変化を考えるうえで、いちばん大切な視点なのかもしれません。","まとめ（4点）","4点提示＋問いかけ","最後の一文はゆっくり"
